DestSvcName,AverageLatency
gameEngine,122608066.91666667
music,31098816.643243242
score,172757373.2881356
worldGen,190435453.61666667
