DestSvcName,AverageLatency
gameEngine,2507.4285714285716
music,162263.0185185185
score,264515.5714285714
worldGen,1270807.4285714286
