DestSvcName,AverageLatency
gameEngine,2575941.272727273
music,2170609.23977433
score,2804788.4545454546
worldGen,3104114.727272727
