DestSvcName,AverageLatency
gameEngine,2373.266666666667
music,355932.6997206704
score,225071.06666666668
worldGen,129287.6
